,0
0,/mba/general-management-colleges-in-india/
1,/mba/hr-human-resource-management-colleges-in-india/
2,/mba/finance-financial-management-colleges-in-india/
3,/mba/marketing-advertising-brand-management-courses-in-india/
4,/mba/logistics-operations-supply-chain-management-courses-in-india/
5,/mba/family-business-entrepreneurship-management-courses-in-india/
6,/mba/agribusiness-management-rural-development-colleges-in-india/
7,/mba/it-information-technology-management-courses-in-india/
8,/mba/ib-international-business-management-courses-in-india/
9,/mba/retail-management-courses-in-india/
10,/mba/real-estate-infrastructure-management-courses-in-india/
11,/mba/oil-gas-energy-management-courses-in-india/
12,/mba/executive-mba-emba-colleges-courses-in-india/
13,/mba/healthcare-hospital-management-administration-courses-in-india/
14,/mba/online-mba-colleges-in-india/
15,/mba/bba-bbm-management-colleges-in-india/
16,/mba/distance-correspondence-mba-colleges-in-india/
17,/mba/digital-marketing-courses-in-india/
18,/mba/business-analytics-courses-in-india/
19,/mba/project-management-courses-in-india/
20,/mba/media-planning-colleges-in-india/
21,/mba/Infrastructure-colleges-in-india/
22,/mba/transport-logistics-colleges-in-india/
23,/mba/pharma-colleges-in-india/
24,/mba/telecom-colleges-in-india/
25,/mba/biotechnology-colleges-in-india/
26,/mba/import-export-colleges-in-india/
27,/mba/sports-colleges-in-india/
28,/mba/environment-colleges-in-india/
29,/mba/apparel-design-colleges-in-india/
30,/mba/business-economics-colleges-in-india/
31,/mba/disaster-management-colleges-in-india/
32,/mba/textile-design-colleges-in-india/
33,/mba/tour-operations-colleges-in-india/
34,/mba/international-banking-colleges-in-india/
35,/mba/visual-merchandising-colleges-in-india/
36,/mba/fashion-design-colleges-in-india/
37,/mba/general-insurance-colleges-in-india/
38,/mba/materials-management-colleges-in-india/
39,/mba/print-media-colleges-in-india/
40,/mba/public-health-colleges-in-india/
41,/mba/capital-health-colleges-in-india/
42,/mba/public-policy-colleges-in-india/
43,/mba/cinematography-courses-in-india/
44,/mba/direction-colleges-in-india/
45,/mba/textile-management-colleges-in-india/
46,/mba/video-editing-colleges-in-india/
47,/mba/visual-communication-colleges-in-india/
48,/mba/anchoring-reporting-colleges-in-india/
49,/mba/bioinformatics-colleges-in-india/
50,/mba/commodity-currency-markets-colleges-in-india/
51,/mba/company-secretary-colleges-in-india/
52,/mba/culinary-management-colleges-in-india/
53,/mba/cyber-media-colleges-in-india/
54,/mba/debt-marktes-colleges-in-india/
55,/mba/film-making-colleges-in-india/
56,/mba/forestry-colleges-in-india/
57,/mba/jewellery-design-colleges-in-india/
58,/mba/microbiology-colleges-in-india/
59,/mba/mutual-funds-colleges-in-india/
60,/mba/ngo-management-colleges-in-india/
61,/mba/sap-erp-management-colleges-in-india/
62,/mba/stock-analysis-trading-colleges-in-india/
63,/mba/web-design-colleges-in-india/
64,/mba/corporate-social-responsibility-colleges-in-india/
65,/mba/power-management-colleges-in-india/
66,/mba/aviation-management-colleges-in-india/
67,/mba/ecommerce-colleges-in-india/
68,/animation-multimedia-web-design/graphic-design-colleges-in-india/
69,/animation-multimedia-web-design/3d-2d-animation-courses-in-india/
70,/animation-multimedia-web-design/web-design-development-colleges-in-india/
71,/animation-multimedia-web-design/multimedia-design-courses-in-india/
72,/animation-multimedia-web-design/game-design-development-courses-in-india/
73,/animation-multimedia-web-design/vfx-visual-effect-courses-in-india/
74,/engineering/architecture-colleges-in-india/
75,/engineering/general-engineering-colleges-in-india/
76,/engineering/biotech-bioinformatics-engineering-colleges-in-india/
77,/engineering/mechanical-engineering-colleges-in-india/
78,/engineering/computer-engineering-colleges-in-india/
79,/engineering/civil-engineering-colleges-in-india/
80,/engineering/chemical-engineering-colleges-in-india/
81,/engineering/ece-electronics-communication-engineering-colleges-in-india/
82,/engineering/marine-engineering-colleges-in-india/
83,/engineering/aeronautical-aerospace-engineering-colleges-in-india/
84,/engineering/industrial-engineering-colleges-in-india/
85,/engineering/electrical-engineering-colleges-in-india/
86,/engineering/aircraft-maintenance-engineering-colleges-in-india/
87,/engineering/distance-engineering-colleges-courses-in-india/
88,/engineering/textile-engineering-colleges-in-india/
89,/engineering/aerospace-engineering-courses-in-india/
90,/engineering/agricultural-engineering-courses-in-india/
91,/engineering/architecture-and-planning-courses-in-india/
92,/engineering/ecology-and-evolution-courses-in-india/
93,/engineering/instrumentation-engineering-courses-in-india/
94,/engineering/mathematics-courses-in-india/
95,/engineering/mining-engineering-courses-in-india/
96,/engineering/metallurgical-engineering-courses-in-india/
97,/engineering/petroleum-engineering-courses-in-india/
98,/engineering/production-and-industrial-engineering-courses-in-india/
99,/engineering/engineering-science-courses-in-india/
100,/engineering/life-sciences-courses-in-india/
101,/engineering/biomedical-engineering-colleges-in-india/
102,/engineering/automobile-engineering-colleges-in-india/
103,/engineering/genetic-engineering-colleges-in-india/
104,/engineering/nuclear-engineering-colleges-in-india/
105,/engineering/polymer-engineering-colleges-in-india/
106,/engineering/environmental-engineering-colleges-in-india/
107,/engineering/telecommunication-engineering-colleges-in-india/
108,/engineering/mineral-engineering-colleges-in-india/
109,/engineering/thermal-engineering-colleges-in-india/
110,/engineering/structural-engineering-colleges-in-india/
111,/banking-commerce/chartered-accountant-accounts-courses-in-india/
112,/banking-commerce/company-secretary-colleges-in-india/
113,/banking-commerce/actuary-risk-management-courses-in-india/
114,/banking-commerce/banking-insurance-institutes-in-india/
115,/banking-commerce/equity-commodities-trading-courses-in-india/
116,/banking-commerce/finance-colleges-courses-in-india/
117,/banking-commerce/taxation-courses-in-india/
118,/banking-commerce/commerce-colleges-courses-in-india/
119,/banking-commerce/financial-planning-courses-in-india/
120,/design/jewellery-accessory-design-courses-in-india/
121,/design/interior-design-colleges-courses-in-india/
122,/design/textile-apparel-design-courses-in-india/
123,/design/fashion-design-colleges-in-india/
124,/design/fashion-apparel-visual-merchandising-design-courses-in-india/
125,/design/leather-footwear-shoe-design-courses-in-india/
126,/design/fashion-communication-styling-design-courses-in-india/
127,/design/fashion-technology-colleges-courses-in-india/
128,/design/industrial-design-courses-in-india/
129,/design/garment-manufacturing-colleges-in-india/
130,/design/dress-designing-courses-in-india/
131,/design/product-design-courses-in-india/
132,/design/interaction-design-courses-in-india/
133,/media-journalism/journalism-colleges-in-india/
134,/media-journalism/photography-institutes-in-india/
135,/media-journalism/film-making-direction-courses-in-india/
136,/media-journalism/public-relations-advertising-courses-in-india/
137,/media-journalism/sound-engineering-colleges-courses-in-india/
138,/media-journalism/acting-modeling-colleges-courses-in-india/
139,/media-journalism/anchoring-jockeying-courses-in-india/
140,/media-journalism/audio-video-editing-courses-in-india/
141,/media-journalism/media-management-courses-in-india/
142,/media-journalism/mass-comm-colleges-in-india/
143,/media-journalism/cinematography-courses-in-india/
144,/hospitality-management/event-management-colleges-in-india/
145,/hospitality-management/air-hostess-training-cabin-crew-courses-in-india/
146,/hospitality-management/hotel-management-colleges-in-india/
147,/hospitality-management/food-production-technology-courses-in-india/
148,/hospitality-management/tourism-management-courses-in-india/
149,/hospitality-management/airport-management-courses-in-india/
150,/hospitality-management/travel-and-ticketing-colleges-in-india/
151,/hospitality-management/pilot-training-colleges-courses-in-india/
152,/hospitality-management/aviation-colleges-in-india/
153,/medical/homeopathy-colleges-in-india/
154,/medical/veterinary-science-colleges-courses-in-india/
155,/medical/physiotherapy-colleges-courses-in-india/
156,/medical/paramedical-courses-in-india/
157,/medical/dental-sciences-colleges-courses-in-india/
158,/medical/medical-sciences-courses-in-india/
159,/medical/ayurveda-colleges-courses-in-india/
160,/medical/clinical-research-courses-in-india/
161,/medical/fitness-trainer-courses-in-india/
162,/medical/cosmetology-courses-in-india/
163,/medical/pharmacy-colleges-courses-in-india/
164,/medical/dietician-courses-in-india/
165,/medical/nursing-colleges-in-india/
166,/computers-it/information-technology-courses-in-india/
167,/computers-it/embedded-systems-courses-in-india/
168,/computers-it/information-data-management-courses-in-india/
169,/computers-it/mca-colleges-in-india/
170,/computers-it/hardware-networking-courses-in-india/
171,/computers-it/computer-training-institutes-in-india/
172,/computers-it/business-intelligence-and-big-data-courses-in-india/
173,/computers-it/bca-colleges-in-india/
174,/arts-humanities/social-work-courses-in-india/
175,/arts-humanities/performing-arts-courses-in-india/
176,/arts-humanities/creative-arts-colleges-in-india/
177,/arts-humanities/political-science-colleges-courses-in-india/
178,/arts-humanities/philosophy-courses-in-india/
179,/arts-humanities/literature-courses-in-india/
180,/arts-humanities/economics-courses-in-india/
181,/arts-humanities/psychology-courses-in-india/
182,/arts-humanities/public-administration-courses-in-india/
183,/arts-humanities/history-colleges-courses-in-india/
184,/arts-humanities/religious-studies-colleges-in-india/
185,/arts-humanities/sociology-courses-in-india/
186,/arts-humanities/foreign-language-courses-in-india/
187,/arts-humanities/home-science-colleges-courses-in-india/
188,/arts-humanities/indian-language-courses-in-india/
189,/arts-humanities/german-language-courses-in-india/
190,/arts-humanities/french-language-courses-in-india/
191,/law/corporate-law-courses-in-india/
192,/law/international-law-courses-in-india/
193,/law/intellectual-property-law-colleges-in-india/
194,/law/criminal-law-colleges-in-india/
195,/law/cyber-law-colleges-in-india/
196,/law/constitutional-law-colleges-in-india/
197,/law/labor-and-employment-law-colleges-in-india/
198,/law/business-law-colleges-in-india/
199,/law/human-rights-and-international-humanitarian-law-colleges-in-india/
200,/law/tax-law-colleges-in-india/
201,/law/commercial-law-colleges-in-india/
202,/law/environmental-law-colleges-in-india/
203,/law/administrative-law-colleges-in-india/
204,/law/security-and-investment-law-colleges-in-india/
205,/law/energy-law-colleges-in-india/
206,/law/information-technology-law-colleges-in-india/
207,/law/public-policy-colleges-in-india/
208,/law/banking-law-colleges-in-india/
209,/law/family-law-colleges-in-india/
210,/law/real-estate-infrastructure-law-colleges-in-india/
211,/law/company-law-colleges-in-india/
212,/law/competition-law-colleges-in-india/
213,/law/consumer-law-colleges-in-india/
214,/law/entertainment-and-media-law-colleges-in-india/
215,/law/gis-and-remote-sensing-law-colleges-in-india/
216,/law/immigration-law-colleges-in-india/
217,/law/nuclear-law-colleges-in-india/
218,/science/archaeology-courses-in-india/
219,/science/horticulture-courses-in-india/
220,/science/zoologist-colleges-courses-in-india/
221,/science/environmental-science-courses-in-india/
222,/science/geology-courses-in-india/
223,/science/bsc-msc-courses-in-india/
224,/science/agriculture-colleges-in-india/
225,/science/forensic-science-colleges-courses-in-india/
226,/science/nuclear-science-colleges-courses-in-india/
227,/science/astrology-courses-in-india/
228,/science/merchant-navy-colleges-courses-in-india/
229,/science/renewable-energy-colleges-courses-in-india/
230,/science/physics-colleges-courses-in-india/
231,/science/maths-colleges-courses-in-india/
232,/science/nautical-science-colleges-courses-in-india/
233,/science/chemistry-colleges-courses-in-india/
234,/science/botany-biological-science-colleges-courses-in-india/
235,/professional-vocational/armed-forces-colleges-in-india/
236,/professional-vocational/games-and-sports-colleges-courses-in-india/
237,/professional-vocational/education-and-teaching-courses-in-india/
238,/professional-vocational/vocational-colleges-courses-in-india/
239,/professional-vocational/office-management-stenography-courses-in-india/
240,/professional-vocational/beautician-courses-in-india/
241,/professional-vocational/electrician-courses-in-india/
242,/professional-vocational/mechanic-courses-in-india/
243,/professional-vocational/typing-colleges-courses-in-india/
244,/professional-vocational/dmlt-courses-in-india/
245,/professional-vocational/mobile-repairing-institutes-in-india/
